,student_id,group,region,category,score,target
0,1,A,West,C,80.21122428379338,0
1,2,B,West,B,81.45215585950056,1
2,3,A,South,A,80.55604466003449,1
3,4,A,East,B,75.8958068125525,0
4,5,A,West,B,73.02661579692673,0
5,6,B,North,B,73.48726716346488,1
6,7,A,East,C,73.0509171964732,0
7,8,A,East,C,86.33770096867065,1
8,9,A,East,C,80.93556722280861,0
9,10,B,East,C,45.59611365335719,0
10,11,A,West,D,81.55900776529761,0
11,12,A,South,C,76.94736194718774,0
12,13,A,East,D,74.81291243554102,0
13,14,A,East,A,71.11481546911114,1
14,15,B,North,A,86.24112719986013,1
15,16,A,North,A,84.47526462122858,1
16,17,B,South,C,67.27122332176391,0
17,18,B,East,D,79.07052287124534,1
18,19,B,East,,65.28343265458714,0
19,20,A,North,D,61.20381835211069,0
20,21,B,West,A,68.73282775410036,0
21,22,A,South,D,83.62393472382759,1
22,23,B,East,B,84.53125045376086,1
23,24,B,East,A,80.13085420097293,0
24,25,B,East,B,82.25095786847997,1
25,26,B,South,B,80.16178287114958,1
26,27,B,South,B,68.58518404777048,1
27,28,B,South,B,79.31922544673941,1
28,29,B,North,D,83.00409525227683,1
29,30,B,East,C,82.54291329813574,1
30,31,A,East,B,86.88913371474644,1
31,32,A,East,C,82.08303847201064,1
32,33,B,East,C,78.51448207541583,0
33,34,B,West,B,85.70150238316427,1
34,35,B,East,B,74.7347874075094,1
35,36,A,East,A,66.18125348772283,0
36,37,B,East,A,73.36933036056236,1
37,38,A,South,C,67.55097355193551,1
38,39,A,South,A,68.24821725025619,1
39,40,A,North,C,120.39530570166389,1
40,41,A,East,C,67.07580079000039,0
41,42,A,West,A,71.9203847036096,0
42,43,B,South,,56.06385333046215,0
43,44,B,West,B,77.13293707372938,1
44,45,B,West,,75.01205475362224,1
45,46,B,South,B,66.82911368931809,0
46,47,B,North,D,81.59245668432405,1
47,48,A,West,C,84.37570137626558,1
48,49,B,West,A,90.26168123453849,1
49,50,B,East,C,67.37275221433785,0
50,51,A,West,D,67.30857650212701,0
51,52,B,East,C,65.60096898891135,0
52,53,A,West,D,83.29474841931749,0
53,54,B,West,D,73.06173861227197,0
54,55,A,East,A,72.35485158689389,0
55,56,B,South,A,54.96137635593247,0
56,57,B,North,C,81.35418030209226,1
57,58,A,North,B,62.60741605146528,0
58,59,A,East,D,75.59932630266329,0
59,60,A,West,D,77.77376937958192,0
60,61,A,East,B,88.60658595838652,1
61,62,A,South,A,61.91179600880888,0
62,63,A,North,,44.80487844179174,0
63,64,A,North,B,76.83849544753694,0
64,65,A,South,,93.00511181510852,1
65,66,B,West,B,87.38946352939438,1
66,67,B,South,C,77.09659415274626,0
67,68,A,South,A,70.08363814367952,0
68,69,B,East,C,83.0712259663731,1
69,70,B,South,B,65.26453800295532,0
70,71,B,West,C,79.7635776935622,1
71,72,B,East,A,80.05470159166627,1
72,73,A,South,C,85.6020990749888,1
73,74,B,West,D,102.59660038911078,1
74,75,A,East,A,78.92415967178766,1
75,76,B,East,A,69.91036374292501,1
76,77,B,North,A,74.74425687808005,0
77,78,B,East,C,57.30924095110882,0
78,79,A,South,C,68.05286868910942,0
79,80,B,South,C,70.90717561886896,1
80,81,A,South,A,69.75911602065408,1
81,82,B,East,B,76.52354872033722,0
82,83,A,South,,66.775800676178,1
83,84,B,South,B,86.21030667324472,1
84,85,A,West,D,75.00207064918197,0
85,86,A,South,A,74.90699678861385,1
86,87,B,North,C,71.72105283487082,1
87,88,A,North,B,76.55190683858979,0
88,89,B,North,,83.25098264667635,0
89,90,B,North,C,66.32869784289099,0
90,91,B,North,C,68.41883510924744,0
91,92,B,West,D,71.96273971223336,1
92,93,B,North,A,61.54129076526785,0
93,94,B,South,A,66.80742140278502,1
94,95,B,East,C,70.23779126455341,0
95,96,B,South,C,83.74389180712727,0
96,97,B,West,B,77.62561329001925,1
97,98,B,North,,76.93589911367545,0
98,99,B,North,A,83.50897962167971,1
99,100,A,North,D,73.62628211600604,1
100,101,A,North,A,78.9046484992889,0
101,102,B,South,B,73.96778247067503,0
102,103,B,North,,77.65362349399628,0
103,104,B,North,B,69.17241342388418,0
104,105,B,North,A,50.611828417235714,0
105,106,B,South,C,73.65720837813696,0
106,107,B,South,A,89.2274813609994,1
107,108,B,South,D,84.26215402241593,1
108,109,B,West,A,84.6539748459117,1
109,110,A,West,,87.36130721806218,1
110,111,B,North,D,75.88657590961438,0
111,112,A,East,C,76.97315707405596,0
112,113,B,West,C,68.8234810456565,0
113,114,B,North,B,71.8392714397295,1
114,115,A,East,B,81.15771149771142,1
115,116,B,East,C,87.03884437168816,1
116,117,A,North,D,73.60553724319,0
117,118,B,South,C,70.49810735148588,0
118,119,B,East,C,75.00527958856597,1
119,120,A,East,C,81.01206748929116,0
120,121,B,North,B,60.56145183866458,0
121,122,A,South,,52.03819046862762,1
122,123,B,South,C,69.49463150508416,1
123,124,A,South,D,62.79287574085841,1
124,125,A,West,A,69.9185980235269,0
125,126,B,South,C,73.52219681182528,0
126,127,B,South,A,70.46751590976987,1
127,128,A,East,,89.52467534470745,1
128,129,B,North,A,78.2674476460232,1
129,130,B,South,B,78.00474359610828,1
130,131,B,East,C,81.22207144043402,1
131,132,A,East,B,63.61166882219231,0
132,133,A,West,C,85.39111787420269,1
133,134,A,West,C,74.2423571346454,1
134,135,A,North,D,81.70480617241212,0
135,136,A,South,A,64.28142766959844,1
136,137,A,West,B,59.46241233983936,0
137,138,A,South,A,83.17889658025028,1
138,139,A,South,D,78.76409526097517,0
139,140,A,South,D,65.9794844564249,0
140,141,B,North,C,66.30336918725305,0
141,142,A,South,,86.2543478441477,0
142,143,B,South,C,63.10588107132672,0
143,144,B,South,C,91.42672953255963,1
144,145,B,North,A,65.99379265352131,0
145,146,A,East,C,81.38391925608383,0
146,147,A,West,,71.71381524251015,1
147,148,A,West,D,81.03187431082343,1
148,149,A,East,C,69.55885997885807,0
149,150,B,South,C,73.37207093927705,0
150,151,A,North,A,75.40919175395722,0
151,152,A,West,B,64.97812544218527,0
152,153,A,West,,82.40824345420125,0
153,154,A,East,B,69.86786433528415,0
154,155,A,South,A,72.71400084659982,1
155,156,B,North,,65.05650625391488,0
156,157,A,South,,49.376663412046895,0
157,158,B,South,B,73.08972237399831,0
158,159,A,West,B,99.12615421612917,1
159,160,B,West,B,82.84604287898024,0
160,161,A,South,C,74.80739620265605,1
161,162,A,East,C,72.37109170791733,1
162,163,B,West,D,75.22465892812046,1
163,164,B,South,,80.4711911517521,1
164,165,B,North,D,63.19187184691155,0
165,166,A,North,D,86.14321694668872,0
166,167,B,South,A,82.15381315441245,1
167,168,A,North,D,82.18185725707934,1
168,169,A,North,A,79.38475738809727,1
169,170,B,South,D,75.1961665769399,1
170,171,B,North,B,81.7286123596682,0
171,172,A,East,D,80.91814133741379,1
172,173,A,North,D,71.45959289058976,0
173,174,B,West,D,69.26398227103098,1
174,175,B,South,C,76.01856295261987,1
175,176,B,East,B,90.49020151495188,1
176,177,A,North,A,62.60892924346099,1
177,178,A,South,B,60.3247473424756,0
178,179,A,East,A,76.64760841236517,1
179,180,A,East,C,75.50887701856018,0
180,181,A,East,B,76.73341664370409,1
181,182,A,South,D,77.439531979085,0
182,183,B,North,C,72.76797745365195,1
183,184,A,West,D,89.89863438602082,1
184,185,A,East,A,58.99096021523484,1
185,186,A,West,,66.71502975219754,0
186,187,B,West,D,73.96745239850952,1
187,188,A,South,B,58.568111888458326,0
188,189,A,East,C,73.24145595567929,1
189,190,B,North,C,91.61470165728018,1
190,191,A,South,A,75.20886488295962,1
191,192,A,South,C,77.30700905718683,1
192,193,A,West,,62.3983523482742,1
193,194,A,South,A,68.83638591960522,1
194,195,A,North,B,71.24803619676064,1
195,196,B,West,A,71.82284903243766,0
196,197,B,South,A,87.81643795003768,1
197,198,B,West,A,80.57691060725125,1
198,199,A,North,D,63.88542043062968,0
199,200,A,South,C,77.46504778432005,0
200,201,A,West,D,79.98221748496785,0
201,202,B,North,B,86.40149038521267,0
202,203,A,South,B,90.80540686568374,1
203,204,A,North,C,64.84905808172131,0
204,205,B,North,B,66.89142488789662,0
205,206,A,East,A,62.42422141085384,0
206,207,B,South,C,72.65980140893019,0
207,208,B,East,A,79.66358374446335,1
208,209,B,South,C,84.87334516589102,1
209,210,A,West,C,74.24048976357477,0
210,211,A,East,A,71.80152476745155,1
211,212,A,West,A,76.5175799224874,1
212,213,A,South,C,66.64857098369977,1
213,214,A,South,B,95.89538721694774,1
214,215,A,South,A,58.923389728819416,0
215,216,A,East,D,76.84740578895725,0
216,217,B,East,A,95.2360621922964,0
217,218,A,East,C,75.06799844559998,0
218,219,B,North,D,73.09960964998506,0
219,220,A,East,A,71.42554577189573,0
220,221,A,East,A,73.19608318237592,0
221,222,A,North,A,88.7284847467653,1
222,223,B,North,B,52.88138088670493,0
223,224,B,East,A,90.33433701296326,1
224,225,B,West,C,60.76042847549855,0
225,226,B,East,A,72.33347670765585,0
226,227,A,North,C,70.70755579701338,0
227,228,B,East,D,80.88553269770719,1
228,229,A,South,D,59.01875648116253,0
229,230,A,North,C,79.62172666081943,0
230,231,B,North,B,95.24309623286852,1
231,232,B,East,C,61.368259954071895,0
232,233,B,West,C,76.89706167610396,0
233,234,B,West,B,68.3801782220339,0
234,235,B,South,A,79.25887206193036,0
235,236,B,East,,75.19147777415752,0
236,237,B,South,B,68.58513090955691,1
237,238,B,East,A,79.87872284871074,1
238,239,A,South,B,93.04348109786744,1
239,240,B,South,B,73.09096208272702,1
240,241,B,South,D,82.19757942148182,1
241,242,A,South,C,62.06727042128836,0
242,243,B,East,C,65.43563623181991,0
243,244,A,West,A,79.72406277880377,0
244,245,A,South,,89.84116028535965,1
245,246,B,East,B,78.5561334878566,1
246,247,A,South,A,71.86941969476845,1
247,248,A,West,B,74.99291405423354,0
248,249,A,East,C,62.49592266030282,0
249,250,A,West,A,81.04515326355367,1
250,251,B,North,C,83.82333062323409,0
251,252,A,East,A,70.4790966716692,1
252,253,B,West,A,70.29957852240499,1
253,254,A,South,A,77.65878229652049,1
254,255,A,North,D,70.63280263959405,0
255,256,A,East,,74.33867385374178,0
256,257,A,West,D,95.99721789166516,1
257,258,B,West,B,72.52974299254004,1
258,259,B,East,A,71.41659847978778,1
259,260,A,East,C,68.52458194364841,0
260,261,A,North,B,82.44191971499937,0
261,262,B,South,D,73.18775826781896,1
262,263,A,South,A,68.50626961678574,1
263,264,A,East,B,88.21304032273012,1
264,265,A,North,A,89.19603004513637,1
265,266,B,West,B,68.99576434261294,0
266,267,B,East,C,56.33460048639384,0
267,268,B,East,B,85.07513689836922,1
268,269,A,South,B,68.15370174239996,0
269,270,A,East,B,82.90625599162769,0
270,271,B,North,B,55.29896182288165,0
271,272,B,East,C,83.92597338299309,0
272,273,B,North,D,62.88828070719219,1
273,274,B,South,D,82.30764119066525,1
274,275,A,East,C,75.14273067836434,1
275,276,B,North,B,65.46060580603356,0
276,277,A,South,C,70.9296368707322,1
277,278,B,East,B,81.86318456956701,1
278,279,A,East,B,76.05894453115235,1
279,280,B,West,D,80.84412980472484,0
280,281,B,West,A,94.76440584515484,1
281,282,B,West,D,59.357583882889486,0
282,283,B,South,B,91.17212574968624,0
283,284,A,South,C,76.04355937523214,0
284,285,B,North,,66.01215951676872,0
285,286,A,East,D,61.696863742610105,0
286,287,A,West,C,73.10879609222967,0
287,288,A,South,C,84.2165011192446,1
288,289,A,South,A,73.72450879622465,1
289,290,B,East,C,90.11154930247348,1
290,291,A,North,A,60.48824309948441,1
291,292,A,West,,74.87911052153946,0
292,293,A,West,C,62.47606555586881,0
293,294,B,West,C,78.63631882624968,0
294,295,B,North,A,83.868873900973,1
295,296,B,East,A,70.79238206318946,1
296,297,B,East,C,48.95786143372866,0
297,298,A,West,A,76.98948146796495,1
298,299,A,West,A,79.3673855173351,1
299,300,B,East,A,79.04294754961698,1
300,301,A,East,D,87.35782191822155,1
301,302,A,North,,64.28946320350951,0
302,303,A,West,B,81.8021610545045,1
303,304,B,West,B,86.92507512477975,0
304,305,B,South,B,57.21412415993483,1
305,306,A,East,C,78.19651825918977,0
306,307,B,East,C,69.95820168992329,0
307,308,B,East,A,74.18477326898355,1
308,309,B,South,A,78.47676483538336,0
309,310,B,North,A,70.12771435886448,1
310,311,B,East,C,68.24291920838388,0
311,312,A,East,C,75.34152417488025,0
312,313,B,North,B,64.12754061137197,0
313,314,A,East,A,64.14174871114815,0
314,315,A,East,A,81.79373282956503,0
315,316,B,West,D,63.51205964841344,0
316,317,A,West,B,81.66312500909211,0
317,318,A,South,C,79.6259129285395,1
318,319,A,North,C,57.741932712094034,0
319,320,B,South,B,68.22435347664344,1
320,321,B,East,A,86.94109403047372,1
321,322,A,North,A,65.18834468860318,1
322,323,B,South,,70.35595737690612,1
323,324,B,South,C,79.62060893251896,1
324,325,B,West,C,82.83390509282596,0
325,326,B,East,C,72.48461113955504,0
326,327,A,South,A,69.02489805308359,0
327,328,A,South,D,89.22369861698508,1
328,329,B,East,C,92.3889966379758,0
329,330,B,South,B,84.78858050781795,1
330,331,A,South,D,75.85318142565023,1
331,332,A,South,,66.91734278359074,1
332,333,B,North,,66.69555593443435,1
333,334,A,North,C,80.22514105265758,0
334,335,B,South,D,79.18398220888683,0
335,336,B,South,C,89.01598592946429,0
336,337,A,East,A,81.50450092536138,1
337,338,A,South,B,59.96919698240182,0
338,339,B,West,D,85.51947617722918,1
339,340,B,West,A,65.01939372685587,0
340,341,A,North,B,71.16028728047648,0
341,342,B,West,B,77.50200206251695,0
342,343,A,North,B,94.95667489783963,1
343,344,B,East,C,106.0991855600536,1
344,345,A,North,,81.06723059136183,1
345,346,A,South,A,73.16803381279612,1
346,347,A,North,A,80.3450564848055,1
347,348,B,East,A,83.87655425873837,1
348,349,B,West,D,98.65799696038724,1
349,350,A,West,C,92.95211355912322,1
350,351,B,North,B,77.30070759191402,0
351,352,A,East,D,79.97743089091394,1
352,353,A,South,D,81.65924252054461,1
353,354,B,East,D,79.21586610614456,0
354,355,B,South,D,83.38940500469613,1
355,356,A,North,B,68.82746813453076,0
356,357,B,North,C,69.4169824605397,0
357,358,B,South,B,63.99845767028305,1
358,359,A,West,D,79.39501230620226,1
359,360,A,North,,82.78936503512114,1
360,361,B,East,,79.57772866151886,0
361,362,A,South,C,91.74492433347538,1
362,363,A,West,A,74.94403981170953,1
363,364,B,South,C,81.68741655592513,0
364,365,A,South,D,64.08299123860685,0
365,366,A,West,D,71.12900297525599,1
366,367,B,North,A,81.95537757565778,1
367,368,B,North,A,83.49102110743144,0
368,369,A,East,A,72.06033052335818,1
369,370,A,East,C,74.28400748141934,1
370,371,B,South,D,59.82126253319191,0
371,372,B,South,A,71.42970799193391,1
372,373,B,West,C,83.90383163519786,1
373,374,B,South,D,80.75205016106567,1
374,375,A,North,,80.00665721381209,0
375,376,B,North,,75.49773687180961,1
376,377,B,East,C,75.07063158628176,1
377,378,A,West,C,68.39678860526553,0
378,379,B,North,B,81.98828420202534,0
379,380,A,South,,79.20972944389389,1
380,381,B,South,C,79.92018847992799,1
381,382,B,West,D,69.7396515733242,0
382,383,B,North,C,53.46657080128756,0
383,384,A,North,C,85.97152711753695,1
384,385,A,East,A,70.21162543991596,1
385,386,B,North,B,66.37224235956879,0
386,387,A,West,A,81.93478911913994,0
387,388,A,South,A,71.07987360080871,1
388,389,A,North,C,85.59936384046622,1
389,390,A,South,D,81.17005949576698,1
390,391,A,East,A,81.83569323200477,1
391,392,A,East,B,61.340442887994655,0
392,393,B,East,D,87.11943985386401,1
393,394,B,South,A,77.61250531233856,1
394,395,A,West,C,71.30722860753797,0
395,396,B,South,C,76.43388467342251,1
396,397,B,South,C,57.2376476710168,1
397,398,B,East,A,79.08652811480671,1
398,399,B,North,B,64.70628491817928,0
399,400,A,North,C,61.47329714156466,0
400,401,B,South,C,59.77640813782109,0
401,402,B,North,A,123.51987829080548,1
402,403,A,North,C,68.70736606307212,1
403,404,A,West,A,90.337277099165,1
404,405,B,South,C,69.64198536947703,1
405,406,B,East,A,57.92642042407053,0
406,407,B,East,D,63.83475560051341,0
407,408,B,South,B,87.35811620006939,1
408,409,B,South,B,73.44101822063332,1
409,410,B,South,A,69.51712703509399,1
410,411,A,West,B,76.60018225852788,0
411,412,B,South,D,80.01782736167544,1
412,413,B,West,D,86.1739881590246,1
413,414,A,South,B,89.48499229892926,1
414,415,A,West,B,71.40231354210914,0
415,416,A,South,C,61.73952313917962,0
416,417,A,South,D,70.86534838876725,1
417,418,B,East,C,77.60280506582886,0
418,419,B,East,B,65.3624107378939,0
419,420,B,North,B,65.42849085104957,0
420,421,B,East,C,78.43787881549885,0
421,422,B,South,,74.5134764842955,0
422,423,B,East,C,75.32796995411587,0
423,424,A,East,B,67.41504665299931,1
424,425,B,South,C,72.69599285794233,1
425,426,A,North,A,65.75766855731696,1
426,427,A,South,C,83.90198411124787,1
427,428,B,West,B,85.35249334723753,0
428,429,A,West,C,56.53812137761906,0
429,430,B,South,A,65.7048913980759,1
430,431,A,North,C,60.03470744909921,0
431,432,B,East,C,68.49976065593101,0
432,433,A,East,,74.16562030209639,1
433,434,B,West,C,60.5035478030147,0
434,435,B,North,C,65.78140186874687,0
435,436,B,South,D,64.96042627918501,1
436,437,B,North,B,77.07267329398944,0
437,438,B,East,D,75.6934433703625,1
438,439,A,North,B,67.78262446662747,0
439,440,A,West,A,76.76820872139398,1
440,441,A,South,A,69.53319915412735,0
441,442,B,West,B,72.28344889673947,0
442,443,A,West,C,91.73452090298537,1
443,444,B,East,C,88.40461051790348,1
444,445,B,South,C,62.004187630724026,0
445,446,A,North,C,83.29732417879174,0
446,447,A,North,B,83.11396554491591,0
447,448,B,East,,63.51736711247382,0
448,449,A,East,B,83.1877764375486,1
449,450,B,West,B,90.37931918412554,0
450,451,B,West,A,63.77455193755586,0
451,452,B,West,A,65.82497178985736,0
452,453,B,North,C,85.17661466843502,1
453,454,B,East,C,77.71495310825648,1
454,455,A,South,D,80.51476275239523,1
455,456,A,South,D,78.40589216400497,0
456,457,B,West,C,78.90695920928144,1
457,458,B,North,B,61.73527871688917,0
458,459,A,North,C,85.47317706621448,1
459,460,A,East,,86.69589992427774,0
460,461,B,North,A,72.70609255931973,1
461,462,A,West,B,74.56523050186138,1
462,463,B,South,D,59.68892497444278,1
463,464,A,South,B,80.14254756017834,1
464,465,B,South,,80.72057441714144,0
465,466,A,South,C,74.37808983000689,0
466,467,B,East,A,86.24353359870503,0
467,468,A,South,B,71.6592276902006,0
468,469,A,West,B,80.646059258936,1
469,470,B,South,A,64.80335661307885,1
470,471,A,West,A,74.76447849125762,0
471,472,B,East,,73.25645742097164,0
472,473,A,East,B,77.25307922040942,1
473,474,B,South,C,71.30473071166641,0
474,475,A,North,B,73.68527404328333,0
475,476,B,South,D,83.26047171441506,1
476,477,A,West,B,70.63235762761782,1
477,478,B,North,B,58.93422899261321,0
478,479,A,South,D,92.4958390420542,1
479,480,B,West,D,88.81454078690487,1
480,481,B,South,A,62.07737304894381,0
481,482,B,East,D,81.89707805245195,1
482,483,A,North,B,69.97025229448657,0
483,484,B,North,B,77.6348721533106,1
484,485,A,East,,77.94224129013493,0
485,486,B,South,A,72.65592199683678,0
486,487,A,West,C,67.16234334413603,0
487,488,B,South,B,68.0945894768374,0
488,489,A,South,B,65.83808084518758,1
489,490,A,East,C,66.68177791769556,0
490,491,B,East,C,74.32821709950645,1
491,492,A,West,A,67.84240010889248,0
492,493,A,South,C,81.8205206571262,1
493,494,B,West,,89.87246155335927,1
494,495,A,South,C,69.19946758629958,0
495,496,A,North,C,77.39404500535377,0
496,497,A,East,D,79.99685110302934,0
497,498,B,North,A,79.72002270919275,0
498,499,A,East,,75.75955267916088,1
499,500,B,South,B,82.42682418359722,1
500,501,A,North,,79.82248952680658,1
501,502,A,West,A,62.62337577672702,0
502,503,A,East,,83.69156064389273,1
503,504,B,East,A,83.87290837266742,1
504,505,A,East,B,67.36713895821418,0
505,506,A,West,C,75.37937835447602,1
506,507,B,West,B,81.83328992811069,0
507,508,A,East,,72.90686180420639,1
508,509,B,South,A,85.72978047766011,1
509,510,B,South,B,98.6387249461936,1
510,511,A,South,A,67.14013967365018,0
511,512,B,East,,61.18955396846225,0
512,513,A,East,D,78.03818595604876,1
513,514,B,North,A,82.21562505126144,1
514,515,B,East,C,72.69133626155231,0
515,516,A,East,B,89.53260663321035,0
516,517,B,North,B,61.61394200276752,0
517,518,B,West,D,81.9291862303161,1
518,519,B,East,A,68.94139179241107,0
519,520,B,North,C,92.19377906207296,0
520,521,B,West,D,94.9251535316812,1
521,522,A,South,C,67.33343412216652,1
522,523,B,East,D,69.5044286409142,0
523,524,A,East,A,83.59587886979801,1
524,525,B,East,,71.12869350210485,1
525,526,A,South,B,74.54588782067762,1
526,527,A,East,C,128.10341938280078,1
527,528,B,East,D,55.80326843802344,0
528,529,B,South,B,74.86162253905762,0
529,530,B,East,C,68.10272225935826,0
530,531,A,North,A,70.06877177600228,0
531,532,B,West,C,89.43632003468814,1
532,533,A,South,B,62.43493105720744,0
533,534,A,North,D,83.13205186747977,1
534,535,A,North,C,72.21037069668192,0
535,536,B,West,B,72.20239831504166,0
536,537,B,South,,82.90371896051711,1
537,538,A,East,A,78.4005129456889,1
538,539,A,North,A,80.70612997219531,1
539,540,B,South,B,118.78042858621426,1
540,541,A,West,,71.68691616816677,1
541,542,B,East,,68.8776326549225,1
542,543,A,South,C,64.14849473442202,0
543,544,B,West,A,66.74589470021044,0
544,545,A,East,D,104.49094425308724,1
545,546,B,West,C,87.44679580736786,0
546,547,A,South,A,61.48925633791978,0
547,548,B,North,C,61.7754204325643,0
548,549,B,East,C,79.81866061718492,1
549,550,A,North,A,80.47264797377967,1
550,551,A,East,B,80.48883835317365,0
551,552,B,West,B,72.45044206446302,0
552,553,A,East,A,73.745457399971,1
553,554,B,East,D,78.27879524159357,1
554,555,A,East,D,75.85893006293331,1
555,556,B,South,C,52.80699627252465,0
556,557,B,East,B,72.70200369424806,1
557,558,B,South,B,66.48593565739687,1
558,559,B,South,C,76.75211418908512,1
559,560,B,West,C,104.85259002603412,1
560,561,B,East,A,78.67481665474304,1
561,562,A,East,C,71.86470313827603,0
562,563,A,East,D,84.21801501977252,1
563,564,A,South,B,79.82687887209212,1
564,565,B,South,A,79.20094490451841,1
565,566,B,East,C,81.06850593215671,1
566,567,B,South,A,95.56543564829542,1
567,568,B,North,B,63.69111564674084,0
568,569,A,South,A,79.73632076811454,1
569,570,A,South,B,65.73618870018461,0
570,571,B,South,C,80.55512646342248,1
571,572,A,South,C,65.81313488513905,0
572,573,A,North,A,70.82633186394915,0
573,574,B,North,D,72.04910085762094,0
574,575,A,East,D,84.7581671934471,1
575,576,B,South,D,84.18454443942414,1
576,577,A,South,A,62.54282623553616,1
577,578,B,West,B,75.5493411099985,1
578,579,B,South,D,67.90420145250827,1
579,580,B,East,C,62.414950893246655,0
580,581,B,East,A,72.8298294957563,1
581,582,A,North,A,71.9151721154418,0
582,583,B,South,B,99.26716486345522,1
583,584,B,East,D,79.32959825360696,0
584,585,B,East,C,61.22382499245763,0
585,586,A,South,B,69.35225995829057,1
586,587,B,West,A,85.21383295429399,1
587,588,A,North,C,95.88442772869924,1
588,589,B,East,D,59.140166877620416,0
589,590,A,South,B,56.20075614860955,0
590,591,A,East,C,93.70965175371782,1
591,592,B,West,D,78.89614177370903,1
592,593,A,West,,66.31707268123634,0
593,594,B,West,C,80.34629086122435,0
594,595,B,South,B,48.64252260983122,0
595,596,B,North,C,75.0337550659716,0
596,597,A,South,C,78.27821172843085,1
597,598,A,North,C,84.2427013953783,1
598,599,B,East,C,64.86104047707462,0
599,600,B,South,B,75.8568716140336,0
600,601,A,North,D,65.74575373940412,0
601,602,B,East,C,77.55383755674318,0
602,603,B,East,A,66.04653677636976,0
603,604,B,East,C,70.91899160839779,1
604,605,A,East,C,65.04184605209771,0
605,606,A,North,B,81.51136241823657,0
606,607,A,South,,83.58451116656666,1
607,608,B,East,D,72.65379430042586,0
608,609,B,West,B,75.38237994960028,0
609,610,B,North,D,60.51408585366456,0
610,611,A,East,A,72.00323351993212,1
611,612,B,South,A,74.49795382958256,1
612,613,B,South,A,101.20793091029977,1
613,614,B,West,,63.88032974225837,1
614,615,B,West,C,89.64177238752437,1
615,616,A,West,A,84.96858773465809,1
616,617,A,North,B,77.80636404490136,0
617,618,B,East,C,92.58620484195134,1
618,619,A,South,A,78.72105472606863,1
619,620,A,North,D,78.89159195667929,1
620,621,B,East,D,74.46879346982455,0
621,622,B,East,C,87.23568882418627,1
622,623,A,East,D,85.96469233810883,1
623,624,B,East,B,68.74322712503788,0
624,625,A,West,,61.80752805401232,0
625,626,B,West,C,72.97019362604343,1
626,627,A,North,C,66.99961435602353,1
627,628,B,South,A,74.36475425384644,0
628,629,A,South,D,87.37438134684139,0
629,630,A,South,B,70.4269834491321,1
630,631,A,East,A,74.57176618688425,0
631,632,B,South,A,75.58022734808395,1
632,633,A,North,C,83.48430882205284,0
633,634,A,South,C,52.53110666015395,0
634,635,B,West,C,68.93299705234703,0
635,636,B,North,D,77.11283692279473,1
636,637,A,East,A,87.00078956426862,1
637,638,A,South,,70.08097552493795,0
638,639,B,South,A,56.23447293958126,1
639,640,B,West,,81.19711445966136,1
640,641,B,East,D,68.6463761117437,0
641,642,B,South,C,63.10333340909639,1
642,643,B,West,C,68.75654610286776,0
643,644,A,West,B,73.15474642344151,0
644,645,B,South,B,68.95255335461788,0
645,646,A,East,D,52.9443394290093,0
646,647,A,East,B,83.97066196887133,0
647,648,A,West,B,87.74875041278722,1
648,649,B,East,B,81.51521991339506,1
649,650,A,East,D,63.62314329575183,0
650,651,A,East,,72.98508466052482,0
651,652,B,East,,74.93478684770542,0
652,653,A,West,C,80.9879438956191,1
653,654,A,West,D,81.68340488718081,0
654,655,B,West,A,67.65826201221505,0
655,656,A,East,A,75.8199555641356,0
656,657,A,North,A,79.57280404615241,0
657,658,A,East,B,89.55822322146767,1
658,659,B,East,B,82.04506539824723,1
659,660,B,North,C,82.89056687375519,0
660,661,B,East,C,75.8382662792936,1
661,662,A,North,C,89.10459145203504,1
662,663,A,South,B,79.09762795959497,0
663,664,B,East,D,66.3891208982643,0
664,665,A,North,B,89.0336997012519,0
665,666,A,East,D,81.97903272539028,0
666,667,B,East,C,70.56955978871518,0
667,668,B,West,A,70.20507032600757,1
668,669,A,North,C,77.96575545140762,0
669,670,A,South,,79.63184795267584,0
670,671,A,West,,76.97292265631206,1
671,672,B,East,A,78.11308673442885,1
672,673,B,West,,91.9995737457638,1
673,674,B,South,D,85.71543152234887,1
674,675,B,West,A,76.90635591265024,0
675,676,A,West,D,84.41310580767484,1
676,677,B,East,B,64.67476096472461,0
677,678,B,North,C,78.97927049946809,1
678,679,B,East,C,93.0930634973311,1
679,680,B,West,C,72.81954104607627,0
680,681,B,East,B,66.52366071380915,0
681,682,A,South,A,68.4791111140694,1
682,683,A,West,A,64.10366962657612,1
683,684,B,East,B,67.15238091872297,0
684,685,A,North,C,71.2949190140997,0
685,686,B,East,,60.94432980821358,0
686,687,B,West,D,75.15618333949602,1
687,688,A,North,,84.02277173786648,1
688,689,A,South,C,65.9224381985308,0
689,690,B,East,,90.19283923641768,1
690,691,B,North,B,80.10792088527595,1
691,692,B,West,D,85.30580585624057,1
692,693,A,South,C,68.42165446147862,1
693,694,B,West,C,83.54525227066615,0
694,695,B,North,A,64.08066099604687,0
695,696,B,East,B,83.90247500836509,1
696,697,A,East,B,76.71839339793532,1
697,698,B,East,D,80.53251219984784,1
698,699,B,East,C,63.24405394375148,0
699,700,A,North,B,66.04930157723395,0
700,701,B,East,D,80.97228218253385,0
701,702,B,North,,65.51651995775799,1
702,703,A,North,B,79.63206292099123,1
703,704,B,South,A,61.32862193539754,1
704,705,A,South,C,83.48174212666669,1
705,706,A,East,D,62.67476685231491,1
706,707,B,West,B,80.52299937679523,1
707,708,B,South,D,81.25630933646,1
708,709,B,South,B,68.03228181570425,1
709,710,B,East,D,80.82026567084726,0
710,711,A,South,C,77.60442263333556,0
711,712,B,South,D,69.61158143807262,0
712,713,A,North,A,64.91445315923792,1
713,714,B,East,D,55.373743083274206,0
714,715,B,West,C,78.49650047299694,0
715,716,B,South,B,59.35197228637945,0
716,717,A,North,,75.95344199441308,0
717,718,B,West,B,72.36551783917751,0
718,719,B,West,D,81.79142775438196,0
719,720,B,South,A,71.97954500510136,1
720,721,B,East,C,71.70552213652908,1
721,722,A,North,,82.31870704288295,0
722,723,B,South,A,78.35058029084118,1
723,724,A,East,A,78.16155957182778,0
724,725,A,South,A,79.69267589808527,1
725,726,A,West,B,59.64427876792894,0
726,727,A,South,,82.56788679986983,1
727,728,A,South,C,126.83818752131194,1
728,729,A,East,B,64.83316871423503,0
729,730,B,South,B,72.55919526325799,1
730,731,A,East,C,74.6069271237237,1
731,732,A,South,A,73.65503215598267,1
732,733,A,South,D,78.33859966568535,1
733,734,B,North,D,89.31366781831184,1
734,735,B,West,C,85.81766727672829,0
735,736,A,South,C,61.87780806568594,0
736,737,B,East,D,81.22069990306049,1
737,738,A,South,A,88.28933319535409,1
738,739,A,East,A,78.86808520689203,1
739,740,B,North,A,85.90980425185967,1
740,741,A,East,C,95.12270445700764,1
741,742,B,East,A,85.23709546106981,1
742,743,B,East,C,77.49308595641729,0
743,744,A,East,D,85.45088474084753,1
744,745,A,East,D,76.44887833096891,1
745,746,B,West,C,75.23903043284956,0
746,747,A,North,A,71.48585764286267,0
747,748,A,North,D,90.63413358832108,1
748,749,A,East,C,66.81571334057999,0
749,750,B,West,A,90.32367724678116,1
750,751,B,East,A,79.99864123740372,1
751,752,A,South,D,61.006938251980586,0
752,753,B,North,C,78.67649292991422,0
753,754,B,North,D,53.99973492348376,0
754,755,B,West,D,81.25508016831036,0
755,756,B,South,C,83.8523148298899,1
756,757,B,South,C,69.07644044347947,0
757,758,A,South,B,76.23547695955583,0
758,759,A,North,,94.54157433750288,1
759,760,A,West,B,69.94253295738064,0
760,761,B,South,C,64.410924129434,1
761,762,B,East,C,89.81663402462598,1
762,763,A,South,D,94.62587190530796,1
763,764,B,South,B,75.03695671847848,0
764,765,A,North,C,85.11463035408356,0
765,766,A,North,C,88.41475915530881,1
766,767,A,South,,67.57515767461616,0
767,768,B,South,C,70.14694164632132,0
768,769,B,West,A,120.51768678891638,1
769,770,A,South,C,91.85014278708508,1
770,771,A,West,,80.62880860174354,1
771,772,A,East,B,66.20185646497946,1
772,773,A,East,B,94.8706111169944,1
773,774,B,North,C,69.69029102188036,0
774,775,B,South,D,71.64862218828549,1
775,776,A,North,C,78.42337834489622,0
776,777,A,South,C,90.54160420714774,0
777,778,B,East,C,83.53975976552223,1
778,779,B,North,C,79.1486550036191,1
779,780,A,South,A,79.63288530118106,1
780,781,A,West,B,75.43514668643466,0
781,782,A,East,B,80.58139514518507,0
782,783,B,West,B,49.70439922305697,0
783,784,B,North,A,72.03392540930201,1
784,785,B,South,,77.4132193491678,1
785,786,A,West,B,63.48985916380493,1
786,787,A,North,D,78.86323317811559,0
787,788,B,South,B,72.95528779013878,1
788,789,B,North,B,92.5547569831549,1
789,790,A,North,,90.73019725214856,1
790,791,B,South,C,70.34194430881837,1
791,792,B,North,B,73.49162288433304,0
792,793,A,West,A,74.26052434391607,1
793,794,B,West,C,70.48340523840378,0
794,795,A,East,A,76.95024984028127,1
795,796,A,South,A,67.4171793111241,0
796,797,A,North,A,63.693846650624735,0
797,798,A,North,A,81.22711223900268,0
798,799,A,West,A,81.29529584221811,1
799,800,A,East,B,66.95684240340007,0
800,801,A,North,D,83.95355430762599,0
801,802,B,East,C,68.68422270834668,0
802,803,A,North,C,77.53165238037981,1
803,804,A,West,B,83.20344012612456,0
804,805,B,East,D,74.66387435296286,0
805,806,B,East,B,79.54740912141135,0
806,807,B,East,A,69.83570356112428,1
807,808,A,East,C,73.03533416571902,0
808,809,B,South,A,72.9414056911966,1
809,810,A,East,B,67.53421653459762,0
810,811,A,North,C,73.23225836884218,0
811,812,A,East,D,59.51381701136253,0
812,813,A,West,B,70.08846252857896,0
813,814,B,East,C,72.15124506630329,0
814,815,B,South,,72.4382024750462,0
815,816,A,West,A,72.58502554129221,1
816,817,A,West,B,74.38235800139871,0
817,818,A,East,B,79.79441518086064,1
818,819,B,North,B,83.74517074132523,1
819,820,A,North,B,68.50234773151733,1
820,821,A,South,D,62.96799144610856,1
821,822,B,North,C,64.57955587756896,0
822,823,B,East,C,70.12797078805073,0
823,824,A,South,B,71.48078682183491,0
824,825,B,East,D,67.30003933802543,0
825,826,B,South,D,62.038833357501055,1
826,827,A,North,D,70.43879172525811,1
827,828,B,East,A,76.81426620113972,1
828,829,A,West,C,80.95029465835565,0
829,830,B,South,A,69.42576946891678,0
830,831,A,West,B,70.87002177856566,1
831,832,A,East,A,65.73301691152689,0
832,833,A,South,C,74.68560829625224,1
833,834,B,East,C,66.51571365809185,0
834,835,A,East,A,80.731278132412,0
835,836,B,West,B,57.14133508065889,0
836,837,A,North,,71.40370327547538,0
837,838,A,West,B,78.01107339191742,0
838,839,B,North,A,76.83834516322504,1
839,840,A,North,B,101.93033663980496,1
840,841,A,South,C,78.49800024567908,0
841,842,B,South,,64.9594540315799,1
842,843,A,East,A,74.04535752910927,1
843,844,A,East,B,57.23753666533548,0
844,845,A,East,D,74.1940025070324,0
845,846,A,South,C,66.66943942999241,0
846,847,B,South,,84.15390275560162,1
847,848,B,South,,69.50459725404465,0
848,849,A,East,C,73.83234084204753,0
849,850,B,North,A,68.64442158595597,0
850,851,A,East,C,92.38851351853332,1
851,852,B,West,D,71.78757233882088,1
852,853,A,South,C,93.325570434792,0
853,854,A,East,D,83.14151762118266,1
854,855,A,South,C,79.82066727335386,1
855,856,A,East,A,78.68733147317519,0
856,857,A,East,D,78.93797298216252,0
857,858,A,South,A,55.7232742065439,1
858,859,B,South,C,72.21116605849244,0
859,860,A,West,A,83.45157971184321,1
860,861,B,East,A,74.51102816525895,1
861,862,A,South,B,60.94810153196425,1
862,863,B,West,,74.4759554942253,0
863,864,B,West,B,92.04105516255493,1
864,865,B,East,C,87.4689171553472,1
865,866,A,North,A,74.37995990633968,1
866,867,A,East,A,84.51449277058086,1
867,868,B,East,,71.33492979631949,1
868,869,A,North,B,57.96128413173281,1
869,870,B,South,,65.75534011870445,0
870,871,A,East,C,90.62888768508198,1
871,872,B,North,D,72.26006918170695,0
872,873,B,East,C,72.56616020624982,0
873,874,A,South,B,72.00161803725119,1
874,875,B,South,C,94.04136589573008,0
875,876,A,East,B,91.25958915362062,0
876,877,B,South,B,97.18780233448136,1
877,878,B,West,,73.40954789599948,0
878,879,A,South,B,77.95624488747094,1
879,880,A,West,C,59.833574505792086,0
880,881,A,North,D,89.76934426118274,1
881,882,B,South,D,63.32220448732065,0
882,883,A,East,D,77.16775563762629,1
883,884,B,South,B,64.02697472367156,0
884,885,B,West,B,69.11133173261304,0
885,886,A,South,C,66.627375689503,1
886,887,A,East,B,68.92124739324183,0
887,888,B,North,C,69.60877296851021,0
888,889,B,East,C,69.51731205074923,0
889,890,A,South,C,83.33333911780306,1
890,891,A,South,B,63.9513720693748,1
891,892,A,North,A,77.20541427013868,1
892,893,A,North,,87.17959152305559,0
893,894,A,West,A,69.86803635486604,1
894,895,B,South,D,67.82081109252398,0
895,896,B,East,B,72.69475374819748,1
896,897,B,South,A,86.7972520836071,1
897,898,B,South,A,76.94107630953357,1
898,899,A,West,C,69.68785705392402,0
899,900,A,East,,79.8387665118804,0
900,901,A,North,B,63.977078501635766,0
901,902,B,North,A,81.81359510442948,1
902,903,B,North,B,79.08607307701767,0
903,904,A,East,B,71.92191528861116,0
904,905,A,West,C,66.61414201552769,1
905,906,B,South,C,66.13319077716542,0
906,907,B,East,B,80.3481733634591,0
907,908,A,East,,87.28980502489063,1
908,909,A,West,D,68.62692252971205,0
909,910,B,East,B,79.58386703551484,1
910,911,A,South,C,54.12972981397931,0
911,912,A,North,A,69.153822693428,1
912,913,A,South,B,74.68941067129099,1
913,914,B,North,A,65.90316583018166,0
914,915,B,West,C,65.63493625210404,0
915,916,B,East,D,68.32220443531114,0
916,917,B,North,B,77.92192728326373,1
917,918,B,North,A,73.12670981593625,1
918,919,B,South,A,52.61768766675028,1
919,920,B,East,B,53.79299847364933,1
920,921,A,South,A,68.93134822142825,1
921,922,A,West,,79.57686586053552,1
922,923,A,North,C,47.52495157274765,0
923,924,A,North,B,70.00269823848369,1
924,925,A,East,B,69.7375214348258,0
925,926,A,East,D,88.88337778208448,1
926,927,A,North,A,71.14978188287137,1
927,928,B,East,,78.82988984740929,1
928,929,B,West,B,76.41257140087463,0
929,930,A,East,D,53.694335201928,0
930,931,A,South,C,82.68207216631737,1
931,932,B,West,D,77.15396505456287,0
932,933,A,South,D,80.0826863967459,1
933,934,A,West,B,114.26237706436326,1
934,935,B,North,D,54.15887060501412,0
935,936,A,North,B,92.24696649761108,1
936,937,B,South,B,72.12552480599645,1
937,938,A,East,B,77.87328904403009,0
938,939,B,South,C,74.54487754698758,1
939,940,B,West,,70.75763666601956,0
940,941,B,East,C,69.30167071761241,0
941,942,A,North,C,78.29508735573009,0
942,943,B,West,C,59.82826303328321,0
943,944,A,South,D,82.50579167521765,0
944,945,A,East,B,70.83805595114745,0
945,946,A,North,B,63.69930660959642,0
946,947,A,West,B,70.49987142004187,0
947,948,B,East,A,87.57149216862572,1
948,949,B,East,A,69.64664912983777,0
949,950,A,West,B,78.5845361820962,1
950,951,A,South,B,67.69043724284526,0
951,952,B,West,D,82.57921849923619,0
952,953,A,East,C,81.85507738790204,0
953,954,B,West,B,93.48608833296412,1
954,955,A,North,C,73.24436054500785,1
955,956,A,East,A,81.68654804757907,1
956,957,B,West,B,117.29840909828027,1
957,958,A,West,C,87.95871781863015,1
958,959,B,South,,67.81167612391269,0
959,960,A,West,B,82.45005312877281,1
960,961,A,South,,73.05302703883318,0
961,962,A,West,D,74.35811822891502,0
962,963,B,North,C,75.91752484448372,0
963,964,A,West,C,77.52240396426677,0
964,965,A,East,C,73.83770956878041,0
965,966,A,North,,77.14713183170527,1
966,967,A,East,B,90.78118057562185,1
967,968,B,South,A,84.85449685615218,1
968,969,B,East,B,83.69154592496896,1
969,970,A,East,C,70.44460473976129,0
970,971,B,West,A,66.10759171771676,0
971,972,A,East,D,84.55300558237752,0
972,973,A,East,D,83.76046792529795,1
973,974,A,South,C,89.72670675750982,1
974,975,B,South,C,68.9601937403077,0
975,976,B,West,,72.70451344639653,1
976,977,B,East,A,58.605158374745656,1
977,978,B,East,C,105.23158379692563,1
978,979,B,East,A,84.96570510579447,1
979,980,B,South,C,70.33504620771802,0
980,981,B,East,B,81.40479795200824,1
981,982,B,North,D,73.09496894002189,0
982,983,B,West,,78.2405702822156,0
983,984,A,North,A,63.523086101843326,1
984,985,B,South,,75.852094496339,0
985,986,B,South,D,45.08864029099277,0
986,987,B,South,B,73.13103841838016,1
987,988,B,West,D,58.6952675628486,0
988,989,B,South,C,87.05994516546816,1
989,990,B,South,B,82.77407352764511,1
990,991,B,South,B,79.66670981966081,0
991,992,B,South,A,90.2100622715938,1
992,993,B,South,C,65.51083479175162,0
993,994,B,North,B,92.47363197915558,1
994,995,B,West,C,84.32191564260384,0
995,996,A,West,B,72.63444712781055,1
996,997,A,West,C,86.35620147182944,1
997,998,B,South,D,63.93706487588366,1
998,999,B,South,D,66.75485838472326,0
999,1000,A,East,B,68.914102767603,0
